[
    {
        "name": "Kamen",
        "level": 2
    },
    {
        "name": "Curious Curiouser",
        "level": 1
    },
    {
        "name": "Youren",
        "level": 1
    },
    {
        "name": "Tobias Faller",
        "level": 1
    },
    {
        "name": "Jovi Wirasakti",
        "level": 3
    },
    {
        "name": "ceoper",
        "level": 1
    },
    {
        "name": "Marcel Wohlgemuth",
        "level": 1
    },
    {
        "name": "SwiftBoyo",
        "level": 1
    },
    {
        "name": "Charley Scott",
        "level": 1
    },
    {
        "name": "nullinc",
        "level": 1
    },
    {
        "name": "伊斯拉菲爾",
        "level": 1
    },
    {
        "name": "SwiftBoyo",
        "level": 1
    },
    {
        "name": "Wisconsin York",
        "level": 2
    },
    {
        "name": "新堂 唯",
        "level": 2
    },
    {
        "name": "Zaile",
        "level": 1
    },
    {
        "name": "slime",
        "level": 3
    },
    {
        "name": "Ventuquies",
        "level": 2
    },
    {
        "name": "KW",
        "level": 1
    },
    {
        "name": "JohnnyTT",
        "level": 2
    },
    {
        "name": "Cute Sister",
        "level": 3
    },
    {
        "name": "Randall",
        "level": 1
    },
    {
        "name": "Marko Čibej",
        "level": 2
    },
    {
        "name": "Chires F",
        "level": 1
    },
    {
        "name": "Pierre Johnson",
        "level": 3
    }
]
